2026-10-02,2026-01,Energía (Afinia),Afinia,Energía zonas comunes enero 2026 (NIC 1118865),73340,,,,Pagado,Importado de la hoja EdEli Edificio Elizabeth (Facturas Overview). Pagador sin confirmar.,
2026-10-02,2026-01,Agua (Acuacar),Acuacar,Agua y alcantarillado enero 2026 (póliza 513240),339617,,,,Pagado,Importado de la hoja EdEli Edificio Elizabeth (Facturas Overview). Pagador sin confirmar.,
2026-10-02,2026-01,Aseo,,Servicio de aseo enero 2026,170000,,,,Pagado,Valor mensual del servicio de aseo. Pagador sin confirmar.,
2026-10-02,2026-02,Energía (Afinia),Afinia,Energía zonas comunes febrero 2026 (NIC 1118865),71730,,,,Pagado,Importado de la hoja EdEli Edificio Elizabeth (Facturas Overview). Pagador sin confirmar.,
2026-10-02,2026-02,Agua (Acuacar),Acuacar,Agua y alcantarillado febrero 2026 (póliza 513240),529724,,,,Pagado,Importado de la hoja EdEli Edificio Elizabeth (Facturas Overview). Pagador sin confirmar.,
2026-10-02,2026-02,Aseo,,Servicio de aseo febrero 2026,170000,,,,Pagado,Valor mensual del servicio de aseo. Pagador sin confirmar.,
2026-10-02,2026-03,Energía (Afinia),Afinia,Energía zonas comunes marzo 2026 (NIC 1118865),69530,,,,Pagado,Importado de la hoja EdEli Edificio Elizabeth (Facturas Overview). Pagador sin confirmar.,
2026-10-02,2026-03,Agua (Acuacar),Acuacar,Agua y alcantarillado marzo 2026 (póliza 513240),283442,,,,Pagado,Importado de la hoja EdEli Edificio Elizabeth (Facturas Overview). Pagador sin confirmar.,
2026-10-02,2026-03,Aseo,,Servicio de aseo marzo 2026,170000,,,,Pagado,Valor mensual del servicio de aseo. Pagador sin confirmar.,
2026-10-02,2026-04,Energía (Afinia),Afinia,Energía zonas comunes abril 2026 (NIC 1118865),65950,,,,Pagado,Importado de la hoja EdEli Edificio Elizabeth (Facturas Overview). Pagador sin confirmar.,
2026-10-02,2026-04,Agua (Acuacar),Acuacar,Agua y alcantarillado abril 2026 (póliza 513240),255149,,,,Pagado,Importado de la hoja EdEli Edificio Elizabeth (Facturas Overview). Pagador sin confirmar.,
2026-10-02,2026-04,Aseo,,Servicio de aseo abril 2026,170000,,,,Pagado,Valor mensual del servicio de aseo. Pagador sin confirmar.,
2026-10-02,2026-05,Energía (Afinia),Afinia,Energía zonas comunes mayo 2026 (NIC 1118865),67110,,,,Pagado,Importado de la hoja EdEli Edificio Elizabeth (Facturas Overview). Pagador sin confirmar.,
2026-10-02,2026-05,Agua (Acuacar),Acuacar,Agua y alcantarillado mayo 2026 (póliza 513240),256139,,,,Pagado,Importado de la hoja EdEli Edificio Elizabeth (Facturas Overview). Pagador sin confirmar.,
2026-10-02,2026-05,Aseo,,Servicio de aseo mayo 2026,170000,,,,Pagado,Valor mensual del servicio de aseo. Pagador sin confirmar.,
2026-10-02,2026-06,Energía (Afinia),Afinia,Energía zonas comunes junio 2026 (NIC 1118865),70120,,,,Pagado,Importado de la hoja EdEli Edificio Elizabeth (Facturas Overview). Pagador sin confirmar.,
2026-10-02,2026-06,Agua (Acuacar),Acuacar,Agua y alcantarillado junio 2026 (póliza 513240),329079,,,,Pagado,Importado de la hoja EdEli Edificio Elizabeth (Facturas Overview). Pagador sin confirmar.,
2026-10-02,2026-06,Aseo,,Servicio de aseo junio 2026,170000,,,,Pagado,Valor mensual del servicio de aseo. Pagador sin confirmar.,
2026-10-02,2026-07,Energía (Afinia),Afinia,Energía zonas comunes julio 2026 (NIC 1118865),64810,,,,Pagado,Importado de la hoja EdEli Edificio Elizabeth (Facturas Overview). Pagador sin confirmar.,
2026-10-02,2026-07,Agua (Acuacar),Acuacar,Agua y alcantarillado julio 2026 (póliza 513240),336431,,,,Pagado,Importado de la hoja EdEli Edificio Elizabeth (Facturas Overview). Pagador sin confirmar.,
2026-10-02,2026-07,Aseo,,Servicio de aseo julio 2026,170000,,,,Pagado,Valor mensual del servicio de aseo. Pagador sin confirmar.,
2026-10-02,2026-08,Energía (Afinia),Afinia,Energía zonas comunes agosto 2026 (NIC 1118865),67560,,,,Pagado,Importado de la hoja EdEli Edificio Elizabeth (Facturas Overview). Pagador sin confirmar.,
2026-10-02,2026-08,Agua (Acuacar),Acuacar,Agua y alcantarillado agosto 2026 (póliza 513240),336745,,,,Pagado,Importado de la hoja EdEli Edificio Elizabeth (Facturas Overview). Pagador sin confirmar.,
2026-10-02,2026-08,Aseo,,Servicio de aseo agosto 2026,170000,,,,Pagado,Valor mensual del servicio de aseo. Pagador sin confirmar.,
2026-10-02,2026-09,Energía (Afinia),Afinia,Energía zonas comunes septiembre 2026 (NIC 1118865),62650,,,,Pagado,Importado de la hoja EdEli Edificio Elizabeth (Facturas Overview). Pagador sin confirmar.,
2026-10-02,2026-09,Agua (Acuacar),Acuacar,Agua y alcantarillado septiembre 2026 (póliza 513240),336792,,,,Pagado,Importado de la hoja EdEli Edificio Elizabeth (Facturas Overview). Pagador sin confirmar.,
2026-10-02,2026-09,Aseo,,Servicio de aseo septiembre 2026,170000,,,,Pagado,Valor mensual del servicio de aseo. Pagador sin confirmar.,
