2026-10-07,,101,,180000,Abono a saldo anterior,No especificado,,,Declarado (sin soporte),"Saldo anterior a oct-2025 ($180.000) dado por saldado por la administración. Presentación de la administración (asamblea abr-2026, estado de cuenta a 31/03/2026).",
2026-10-07,,201,,120000,Abono a saldo anterior,No especificado,,,Declarado (sin soporte),"Saldo anterior a oct-2025 ($120.000) dado por saldado por la administración. Presentación de la administración (asamblea abr-2026, estado de cuenta a 31/03/2026).",
2026-10-07,,402,,120000,Abono a saldo anterior,No especificado,,,Declarado (sin soporte),"Saldo anterior a oct-2025 ($120.000) dado por saldado por la administración. Presentación de la administración (asamblea abr-2026, estado de cuenta a 31/03/2026).",
2026-10-07,,303,,153968,Abono a saldo anterior,No especificado,,,Declarado (sin soporte),"Saldo anterior a oct-2025 ($240.000) dado por saldado por la administración, salvo $86.032 que reportó pendientes en feb-2026 (""303 y 401 saldo a Febrero de $206.032"", WhatsApp 23/02/2026, con cuota de $120.000). Presentación de la administración (asamblea abr-2026, estado de cuenta a 31/03/2026).",
2026-10-07,,303,2025-10,120000,Cuota ordinaria,No especificado,,,Declarado (sin soporte),"La administración no los incluye entre los meses adeudados. Presentación de la administración (asamblea abr-2026, estado de cuenta a 31/03/2026). Valor = cuota fija de $120.000 que cobra la administración.",
2026-10-07,,303,2025-11,120000,Cuota ordinaria,No especificado,,,Declarado (sin soporte),"La administración no los incluye entre los meses adeudados. Presentación de la administración (asamblea abr-2026, estado de cuenta a 31/03/2026). Valor = cuota fija de $120.000 que cobra la administración.",
2026-10-07,,303,2025-12,120000,Cuota ordinaria,No especificado,,,Declarado (sin soporte),"La administración no los incluye entre los meses adeudados. Presentación de la administración (asamblea abr-2026, estado de cuenta a 31/03/2026). Valor = cuota fija de $120.000 que cobra la administración.",
2026-10-07,,303,2026-01,120000,Cuota ordinaria,No especificado,,,Declarado (sin soporte),"La administración no los incluye entre los meses adeudados. Presentación de la administración (asamblea abr-2026, estado de cuenta a 31/03/2026). Valor = cuota fija de $120.000 que cobra la administración.",
2026-10-07,2026-02-24,303,2026-02,96984,Cuota ordinaria,Transferencia,,,Verificado,"Pago de Alejandro Gómez por coeficiente; soporte enviado a Andrés por WhatsApp el 24/02/2026 y la administración lo reporta. Presentación de la administración (asamblea abr-2026, estado de cuenta a 31/03/2026).",
2026-10-07,,401,,153968,Abono a saldo anterior,No especificado,,,Declarado (sin soporte),"Saldo anterior a oct-2025 ($240.000) dado por saldado por la administración, salvo $86.032 que reportó pendientes en feb-2026 (""303 y 401 saldo a Febrero de $206.032"", WhatsApp 23/02/2026, con cuota de $120.000). Presentación de la administración (asamblea abr-2026, estado de cuenta a 31/03/2026).",
2026-10-07,,401,2025-10,120000,Cuota ordinaria,No especificado,,,Declarado (sin soporte),"La administración no los incluye entre los meses adeudados. Presentación de la administración (asamblea abr-2026, estado de cuenta a 31/03/2026). Valor = cuota fija de $120.000 que cobra la administración.",
2026-10-07,,401,2025-11,120000,Cuota ordinaria,No especificado,,,Declarado (sin soporte),"La administración no los incluye entre los meses adeudados. Presentación de la administración (asamblea abr-2026, estado de cuenta a 31/03/2026). Valor = cuota fija de $120.000 que cobra la administración.",
2026-10-07,,401,2025-12,120000,Cuota ordinaria,No especificado,,,Declarado (sin soporte),"La administración no los incluye entre los meses adeudados. Presentación de la administración (asamblea abr-2026, estado de cuenta a 31/03/2026). Valor = cuota fija de $120.000 que cobra la administración.",
2026-10-07,,401,2026-01,120000,Cuota ordinaria,No especificado,,,Declarado (sin soporte),"La administración no los incluye entre los meses adeudados. Presentación de la administración (asamblea abr-2026, estado de cuenta a 31/03/2026). Valor = cuota fija de $120.000 que cobra la administración.",
2026-10-07,2026-02-24,401,2026-02,96984,Cuota ordinaria,Transferencia,,,Verificado,"Pago de Alejandro Gómez por coeficiente; soporte enviado a Andrés por WhatsApp el 24/02/2026 y la administración lo reporta. Presentación de la administración (asamblea abr-2026, estado de cuenta a 31/03/2026).",
2026-10-07,2026-02-24,303,2026-02,37944,Aporte voluntario,Transferencia,,,Verificado,"Aporte extraordinario de Alejandro Gómez (diferencia entre cuota fija y coeficiente de 301, 303 y 401 en feb-2026); soporte enviado por WhatsApp el 24/02/2026. Presentación de la administración (asamblea abr-2026, estado de cuenta a 31/03/2026).",
2026-10-07,2026-02-22,301,2025-10,120000,Cuota ordinaria,No especificado,,,Declarado (sin soporte),"Parte del pago de $360.000 del 22/02/2026, que cubre oct, nov y dic 2025 según Alejandro Gómez. (La administración, en su estado de cuenta a 31/03/2026, lo aplicó a deuda anterior a oct-2025.) Presentación de la administración (asamblea abr-2026).",
2026-10-07,2026-02-22,301,2025-11,120000,Cuota ordinaria,No especificado,,,Declarado (sin soporte),"Parte del pago de $360.000 del 22/02/2026, que cubre oct, nov y dic 2025 según Alejandro Gómez. (La administración, en su estado de cuenta a 31/03/2026, lo aplicó a deuda anterior a oct-2025.) Presentación de la administración (asamblea abr-2026).",
2026-10-07,2026-02-22,301,2025-12,120000,Cuota ordinaria,No especificado,,,Declarado (sin soporte),"Parte del pago de $360.000 del 22/02/2026, que cubre oct, nov y dic 2025 según Alejandro Gómez. (La administración, en su estado de cuenta a 31/03/2026, lo aplicó a deuda anterior a oct-2025.) Presentación de la administración (asamblea abr-2026).",
2026-10-07,2026-02-24,301,2026-02,128088,Cuota ordinaria,Transferencia,,,Verificado,Pago de feb-2026 de Alejandro Gómez por coeficiente; soporte enviado a Andrés por WhatsApp el 24/02/2026 y la administración lo reporta. Ene-2026 no se pagó. Presentación de la administración (asamblea abr-2026).,
