2026-10-07,,101,2025-10,120000,Cuota ordinaria,No especificado,,,Declarado (sin soporte),"Declarado por la administración (presentación asamblea abr-2026, estado de cuenta a 31/03/2026). Valor = cuota fija de $120.000 que cobra la administración.",
2026-10-07,,101,2025-11,120000,Cuota ordinaria,No especificado,,,Declarado (sin soporte),"Declarado por la administración (presentación asamblea abr-2026, estado de cuenta a 31/03/2026). Valor = cuota fija de $120.000 que cobra la administración.",
2026-10-07,,101,2025-12,120000,Cuota ordinaria,No especificado,,,Declarado (sin soporte),"Declarado por la administración (presentación asamblea abr-2026, estado de cuenta a 31/03/2026). Valor = cuota fija de $120.000 que cobra la administración.",
2026-10-07,2026-04-16,101,2026-01,120000,Cuota ordinaria,No especificado,,,Declarado (sin soporte),"Pago del 16/04/2026. Declarado por la administración (presentación asamblea abr-2026, estado de cuenta a 31/03/2026). Valor = cuota fija de $120.000 que cobra la administración.",
2026-10-07,,201,2025-10,120000,Cuota ordinaria,No especificado,,,Declarado (sin soporte),"Declarado por la administración (presentación asamblea abr-2026, estado de cuenta a 31/03/2026). Valor = cuota fija de $120.000 que cobra la administración.",
2026-10-07,,201,2025-11,120000,Cuota ordinaria,No especificado,,,Declarado (sin soporte),"Declarado por la administración (presentación asamblea abr-2026, estado de cuenta a 31/03/2026). Valor = cuota fija de $120.000 que cobra la administración.",
2026-10-07,,201,2025-12,120000,Cuota ordinaria,No especificado,,,Declarado (sin soporte),"Declarado por la administración (presentación asamblea abr-2026, estado de cuenta a 31/03/2026). Valor = cuota fija de $120.000 que cobra la administración.",
2026-10-07,,201,2026-01,120000,Cuota ordinaria,No especificado,,,Declarado (sin soporte),"Declarado por la administración (presentación asamblea abr-2026, estado de cuenta a 31/03/2026). Valor = cuota fija de $120.000 que cobra la administración.",
2026-10-07,2026-02-25,201,2026-02,120000,Cuota ordinaria,No especificado,,,Declarado (sin soporte),"Pago del 25/02/2026. Declarado por la administración (presentación asamblea abr-2026, estado de cuenta a 31/03/2026). Valor = cuota fija de $120.000 que cobra la administración.",
2026-10-07,,202,2025-10,120000,Cuota ordinaria,No especificado,,,Declarado (sin soporte),"Declarado por la administración (presentación asamblea abr-2026, estado de cuenta a 31/03/2026). Valor = cuota fija de $120.000 que cobra la administración.",
2026-10-07,,202,2025-11,120000,Cuota ordinaria,No especificado,,,Declarado (sin soporte),"Declarado por la administración (presentación asamblea abr-2026, estado de cuenta a 31/03/2026). Valor = cuota fija de $120.000 que cobra la administración.",
2026-10-07,,202,2025-12,120000,Cuota ordinaria,No especificado,,,Declarado (sin soporte),"Declarado por la administración (presentación asamblea abr-2026, estado de cuenta a 31/03/2026). Valor = cuota fija de $120.000 que cobra la administración.",
2026-10-07,,202,2026-01,120000,Cuota ordinaria,No especificado,,,Declarado (sin soporte),"Declarado por la administración (presentación asamblea abr-2026, estado de cuenta a 31/03/2026). Valor = cuota fija de $120.000 que cobra la administración.",
2026-10-07,2026-02-18,202,2026-02,120000,Cuota ordinaria,No especificado,,,Declarado (sin soporte),"Pago del 18/02/2026. Declarado por la administración (presentación asamblea abr-2026, estado de cuenta a 31/03/2026). Valor = cuota fija de $120.000 que cobra la administración.",
2026-10-07,,202,2026-03,120000,Cuota ordinaria,No especificado,,,Declarado (sin soporte),"Declarado por la administración (presentación asamblea abr-2026, estado de cuenta a 31/03/2026). Valor = cuota fija de $120.000 que cobra la administración.",
2026-10-07,2026-04-09,202,2026-04,120000,Cuota ordinaria,No especificado,,,Declarado (sin soporte),"Pago de $240.000 del 09/04/2026 (abr y may). Declarado por la administración (presentación asamblea abr-2026, estado de cuenta a 31/03/2026). Valor = cuota fija de $120.000 que cobra la administración.",
2026-10-07,2026-04-09,202,2026-05,120000,Cuota ordinaria,No especificado,,,Declarado (sin soporte),"Pago de $240.000 del 09/04/2026 (abr y may). Declarado por la administración (presentación asamblea abr-2026, estado de cuenta a 31/03/2026). Valor = cuota fija de $120.000 que cobra la administración.",
2026-10-07,,203,2025-10,120000,Cuota ordinaria,No especificado,,,Declarado (sin soporte),"Declarado por la administración (presentación asamblea abr-2026, estado de cuenta a 31/03/2026). Valor = cuota fija de $120.000 que cobra la administración.",
2026-10-07,,203,2025-11,120000,Cuota ordinaria,No especificado,,,Declarado (sin soporte),"Declarado por la administración (presentación asamblea abr-2026, estado de cuenta a 31/03/2026). Valor = cuota fija de $120.000 que cobra la administración.",
2026-10-07,,203,2025-12,120000,Cuota ordinaria,No especificado,,,Declarado (sin soporte),"Declarado por la administración (presentación asamblea abr-2026, estado de cuenta a 31/03/2026). Valor = cuota fija de $120.000 que cobra la administración.",
2026-10-07,,203,2026-01,120000,Cuota ordinaria,No especificado,,,Declarado (sin soporte),"Declarado por la administración (presentación asamblea abr-2026, estado de cuenta a 31/03/2026). Valor = cuota fija de $120.000 que cobra la administración.",
2026-10-07,,203,2026-02,120000,Cuota ordinaria,No especificado,,,Declarado (sin soporte),"Feb: ""Entrega admin febrero 2026"". Declarado por la administración (presentación asamblea abr-2026, estado de cuenta a 31/03/2026). Valor = cuota fija de $120.000 que cobra la administración.",
2026-10-07,,203,2026-03,120000,Cuota ordinaria,No especificado,,,Declarado (sin soporte),"Declarado por la administración (presentación asamblea abr-2026, estado de cuenta a 31/03/2026). Valor = cuota fija de $120.000 que cobra la administración.",
2026-10-07,2026-04-01,203,2026-04,120000,Cuota ordinaria,No especificado,,,Declarado (sin soporte),"Pago del 01/04/2026. Declarado por la administración (presentación asamblea abr-2026, estado de cuenta a 31/03/2026). Valor = cuota fija de $120.000 que cobra la administración.",
2026-10-07,,302,2025-10,120000,Cuota ordinaria,No especificado,,,Declarado (sin soporte),"Declarado por la administración (presentación asamblea abr-2026, estado de cuenta a 31/03/2026). Valor = cuota fija de $120.000 que cobra la administración.",
2026-10-07,,302,2025-11,120000,Cuota ordinaria,No especificado,,,Declarado (sin soporte),"Declarado por la administración (presentación asamblea abr-2026, estado de cuenta a 31/03/2026). Valor = cuota fija de $120.000 que cobra la administración.",
2026-10-07,,302,2025-12,120000,Cuota ordinaria,No especificado,,,Declarado (sin soporte),"Declarado por la administración (presentación asamblea abr-2026, estado de cuenta a 31/03/2026). Valor = cuota fija de $120.000 que cobra la administración.",
2026-10-07,2026-02-18,302,2026-01,120000,Cuota ordinaria,No especificado,,,Declarado (sin soporte),"Pago del 18/02/2026 (la administración lo muestra en feb, pero a 31/03 debía feb y mar). Declarado por la administración (presentación asamblea abr-2026, estado de cuenta a 31/03/2026). Valor = cuota fija de $120.000 que cobra la administración.",
2026-10-07,,402,2025-10,120000,Cuota ordinaria,No especificado,,,Declarado (sin soporte),"Declarado por la administración (presentación asamblea abr-2026, estado de cuenta a 31/03/2026). Valor = cuota fija de $120.000 que cobra la administración.",
2026-10-07,,402,2025-11,120000,Cuota ordinaria,No especificado,,,Declarado (sin soporte),"Declarado por la administración (presentación asamblea abr-2026, estado de cuenta a 31/03/2026). Valor = cuota fija de $120.000 que cobra la administración.",
2026-10-07,,402,2025-12,120000,Cuota ordinaria,No especificado,,,Declarado (sin soporte),"Declarado por la administración (presentación asamblea abr-2026, estado de cuenta a 31/03/2026). Valor = cuota fija de $120.000 que cobra la administración.",
2026-10-07,,402,2026-01,120000,Cuota ordinaria,No especificado,,,Declarado (sin soporte),"Declarado por la administración (presentación asamblea abr-2026, estado de cuenta a 31/03/2026). Valor = cuota fija de $120.000 que cobra la administración.",
2026-10-07,2026-02-20,402,2026-02,120000,Cuota ordinaria,No especificado,,,Declarado (sin soporte),"Pago del 20/02/2026. Declarado por la administración (presentación asamblea abr-2026, estado de cuenta a 31/03/2026). Valor = cuota fija de $120.000 que cobra la administración.",
